{
    "name": "Django AI Lab",
    "image": "mcr.microsoft.com/devcontainers/python:3.12",
    "features": {
        "ghcr.io/devcontainers/features/node:1": {
            "version": "20"
        }
    },
    "postCreateCommand": "python -m pip install --upgrade pip && pip install -r requirements.txt",
    "customizations": {
        "vscode": {
            "extensions": [
                "ms-python.python",
                "ms-python.vscode-pylance",
                "batisteo.vscode-django",
                "ms-azuretools.vscode-docker"
            ]
        }
    },
    "forwardPorts": [
        8000
    ],
    "portsAttributes": {
        "8000": {
            "label": "Django",
            "onAutoForward": "openBrowser"
        }
    }
}
